{
  "POST Login" : {
    "transaction" : "POST Login",
    "sampleCount" : 500,
    "errorCount" : 0,
    "errorPct" : 0.0,
    "meanResTime" : 1029.5159999999994,
    "medianResTime" : 1116.0,
    "minResTime" : 61.0,
    "maxResTime" : 7095.0,
    "pct1ResTime" : 1616.2000000000007,
    "pct2ResTime" : 1713.95,
    "pct3ResTime" : 1762.98,
    "throughput" : 33.204940895205205,
    "receivedKBytesPerSec" : 18.77505935383185,
    "sentKBytesPerSec" : 7.847261422499668
  },
  "Total" : {
    "transaction" : "Total",
    "sampleCount" : 1500,
    "errorCount" : 0,
    "errorPct" : 0.0,
    "meanResTime" : 364.08866666666677,
    "medianResTime" : 10.0,
    "minResTime" : 4.0,
    "maxResTime" : 8473.0,
    "pct1ResTime" : 1348.3000000000006,
    "pct2ResTime" : 1551.95,
    "pct3ResTime" : 1746.99,
    "throughput" : 99.52229299363057,
    "receivedKBytesPerSec" : 383.8670734640393,
    "sentKBytesPerSec" : 27.990644904458602
  },
  "GET Products" : {
    "transaction" : "GET Products",
    "sampleCount" : 500,
    "errorCount" : 0,
    "errorPct" : 0.0,
    "meanResTime" : 36.142,
    "medianResTime" : 7.0,
    "minResTime" : 4.0,
    "maxResTime" : 7015.0,
    "pct1ResTime" : 16.0,
    "pct2ResTime" : 23.0,
    "pct3ResTime" : 45.98000000000002,
    "throughput" : 33.47616497054098,
    "receivedKBytesPerSec" : 184.2169820400375,
    "sentKBytesPerSec" : 4.576819429566149
  },
  "POST Create Product" : {
    "transaction" : "POST Create Product",
    "sampleCount" : 500,
    "errorCount" : 0,
    "errorPct" : 0.0,
    "meanResTime" : 26.60800000000002,
    "medianResTime" : 7.0,
    "minResTime" : 4.0,
    "maxResTime" : 8473.0,
    "pct1ResTime" : 17.0,
    "pct2ResTime" : 21.94999999999999,
    "pct3ResTime" : 43.940000000000055,
    "throughput" : 33.4851326011251,
    "receivedKBytesPerSec" : 184.26633028060542,
    "sentKBytesPerSec" : 15.761556556388962
  }
}